,State,Month,SIIP,IRCC,IIP,IP,IC,NIP,NIIP,SNIIP,OPE,OIPE,SOIPE
0,Mississippi,1,0.002059806,0.253373313,6099.661471,36410,56615,1792,-2671.61589,-0.000902183,71028,14870.93883,0.005021796
1,Mississippi,2,0.001209902,0.149547573,3582.858366,32837,19089,-971,-1473.045994,-0.000497436,66645,8638.762726,0.00291724
2,Mississippi,3,0.002933627,0.130063802,8687.287465,53042,10152,863,1900.688341,0.000641847,105221,15473.88659,0.005225407
3,Mississippi,4,0.001314179,0.117789204,3891.650155,58917,6483,-988,-3164.512111,-0.00106863,118822,10947.81242,0.003696988
4,Mississippi,5,0.001125986,0.122507903,3334.358687,72813,5813,-3188,-5976.364453,-0.00201817,148814,12645.08183,0.004270142
5,Mississippi,6,0.001024036,0.078201502,3032.457092,91266,4009,-2299,-4284.466442,-0.00144683,184831,10349.38063,0.003494902
6,Mississippi,7,0.00328991,0.362363658,9742.342042,95982,21561,-852,-25346.78039,-0.008559403,192816,44831.46448,0.015139223
7,Mississippi,8,0.00499191,0.369429352,14782.43731,77340,93217,-753,-14067.40905,-0.00475045,155433,43632.28366,0.01473427
8,Mississippi,9,0.00404518,0.304075724,11978.90521,85775,48733,-1309,-14501.22514,-0.004896947,172859,38459.03557,0.012987306
9,Mississippi,10,0.002227178,0.152573195,6595.295689,93022,15102,-579,-7685.707948,-0.002595401,186623,20876.29933,0.007049758
10,New Mexico,1,0.003571302,0.083128674,7562.310119,54508,29922,-1139,2936.448789,0.001386738,110155,12188.17145,0.005755865
11,New Mexico,2,0.002137319,0.031255815,4525.820517,55218,10582,-348,2789.059898,0.001317134,110784,6262.581136,0.002957505
12,New Mexico,3,0.002760923,0.021746644,5846.314229,105381,6355,1690,3591.382976,0.001696031,209072,8101.245481,0.003825814
13,New Mexico,4,0.002629522,0.022248019,5568.070396,116540,5788,-4777,2869.007535,0.001354889,237857,8267.133258,0.003904155
14,New Mexico,5,0.00263927,0.02370525,5588.711354,151111,5088,-1888,1961.831837,0.000926475,304110,9215.590871,0.004352064
15,New Mexico,6,0.003144907,0.014304089,6659.410641,189359,2391,-772,3939.759891,0.001860552,379490,9379.06139,0.004429263
16,New Mexico,7,0.007266111,0.032367558,15386.14954,207455,4787,1173,8709.30493,0.00411297,413737,22062.99416,0.010419251
17,New Mexico,8,0.011567331,0.06713362,24494.07689,193527,22198,1327,11590.99512,0.005473849,385727,37397.15866,0.017660812
18,New Mexico,9,0.009308809,0.050606386,19711.60762,194629,19537,5952,10163.34661,0.004799642,383306,29259.86863,0.013817976
19,New Mexico,10,0.006890261,0.064615896,14590.27943,218567,21394,-9774,-164.178818,-7.75E-05,446908,29344.73768,0.013858056
20,Louisiana,1,0.006779717,0.107594426,31578.27527,217262,85351,8850,9154.305743,0.001965389,425674,54002.2448,0.011594045
21,Louisiana,2,0.00428782,0.051072543,19971.62442,220679,28509,1,8701.037753,0.001868075,441357,31242.21109,0.006707566
22,Louisiana,3,0.007474558,0.033394433,34814.67373,352646,14429,11070,23407.93674,0.005025581,694222,46221.41071,0.009923534
23,Louisiana,4,0.005400314,0.029519365,25153.34872,410352,13112,-1409,12998.42556,0.002790705,822113,37308.27187,0.008009922
24,Louisiana,5,0.004359751,0.036162972,20306.66272,499510,12104,-13923,1739.399311,0.000373441,1012943,38873.92612,0.008346061
25,Louisiana,6,0.003615826,0.033494131,16841.64109,516860,9804,-5692,-660.7838791,-0.000141867,1039412,34344.06606,0.00737352
26,Louisiana,7,0.010719394,0.133461326,49928.33351,555948,59644,2578,-23925.16039,-0.005136627,1109318,123781.8274,0.026575415
27,Louisiana,8,0.013883276,0.155007205,64664.92413,413885,138117,1571,753.2833711,0.000161727,826199,128576.5649,0.027604825
28,Louisiana,9,0.007347822,0.069916228,34224.37146,271424,48357,20204,16660.01658,0.003576832,522644,51788.72634,0.011118812
29,Louisiana,10,0.007195725,0.028336099,33515.93852,512431,16565,17770,19499.17555,0.004186387,1007092,47532.70149,0.010205063
30,Georgia,1,0.016920779,0.220459983,181253.8291,1482893,231856,-2315,-146175.1007,-0.013646038,2968101,508682.7589,0.047487596
31,Georgia,2,0.009879502,0.129206791,105828.3118,1456427,94042,-5356,-83043.97879,-0.007752492,2918210,294700.6025,0.027511495
32,Georgia,3,0.016936165,0.090284258,181418.6464,2169070,50888,16173,-12954.0628,-0.001209314,4321967,375791.3555,0.035081645
33,Georgia,4,0.012812164,0.077767289,137242.7184,2317105,39214,-6369,-43447.5559,-0.004056005,4640579,317932.9927,0.029680333
34,Georgia,5,0.011870949,0.049288803,127160.5165,3184707,22354,-16260,-30611.31457,-0.00285769,6385674,284932.3476,0.026599589
35,Georgia,6,0.009467991,0.032755106,101420.2463,3456142,10493,-5124,-11953.88905,-0.001115944,6917408,214794.3817,0.020051926
36,Georgia,7,0.029849391,0.121151204,319743.9278,3779152,44356,-5305,-138747.5947,-0.01295265,7563609,778235.4502,0.072651431
37,Georgia,8,0.042837472,0.236462385,458871.0603,3445993,224133,-23280,-361481.5083,-0.033745763,6915266,1279223.629,0.119420707
38,Georgia,9,0.034746102,0.159746155,372197.0494,3224544,165432,-6137,-143891.8187,-0.013432884,6455225,888285.9175,0.082925088
39,Georgia,10,0.023233247,0.064329951,248872.4001,3539351,52030,27014,22923.93312,0.002140042,7051688,474820.867,0.044326451
40,North Carolina,1,0.013178724,0.109016773,137577.8184,1083449,217981,4930,20001.15731,0.001915932,2161968,255154.4794,0.024441517
41,North Carolina,2,0.007882013,0.072903133,82283.38906,1088650,97246,-8179,2321.118123,0.000222342,2185479,162245.66,0.015541683
42,North Carolina,3,0.009755887,0.590571227,101845.4849,1695244,51962,-861,-899825.3265,-0.086195218,3391349,1103516.296,0.105706991
43,North Carolina,4,0.011492425,0.065963213,119973.8861,1988749,53593,723,-11162.69701,-0.001069287,3976775,251110.4692,0.024054137
44,North Carolina,5,0.008440427,0.050104831,88112.89427,2245100,31402,-4548,-24605.33745,-0.002356971,4494748,200831.126,0.019237826
45,North Carolina,6,0.006155403,0.022756881,64258.64487,2359833,10446,-23904,10012.22593,0.000959082,4743570,118505.0638,0.011351725
46,North Carolina,7,0.019320583,0.073892245,201695.0596,2535436,34091,2811,14553.71282,0.001394116,5068061,388836.4063,0.03724705
47,North Carolina,8,0.029268608,0.139453247,305546.3504,2312252,165578,34002,-12163.00968,-0.001165108,4590502,623255.7105,0.059702323
48,North Carolina,9,0.023031303,0.113920263,240432.7031,2128402,174352,-6929,-2824.765202,-0.000270587,4263733,483690.1714,0.046333192
49,North Carolina,10,0.016295625,0.069966283,170116.3545,2455132,77297,7780,-1115.767461,-0.000106881,4902484,341348.4765,0.032698131
50,Pennsylvania,1,0.004688629,0.120023047,60964.83185,506407,194563,18440,2397.545755,0.000184388,994374,119532.1179,0.009192869
51,Pennsylvania,2,0.002757952,0.07596225,35860.81889,493735,84636,-11814,-2541.820854,-0.000195484,999284,74263.45864,0.005711388
52,Pennsylvania,3,0.006682554,0.077787052,86891.2428,782121,93663,-30312,23694.47503,0.001822273,1594554,150088.0106,0.011542834
53,Pennsylvania,4,0.004730256,0.095620184,61506.09408,969668,123877,40898,-27303.06407,-0.0020998,1898438,150315.2522,0.011560311
54,Pennsylvania,5,0.003579641,0.052644104,46545.00158,1166642,49331,17734,-13938.23071,-0.001071949,2315550,107028.2339,0.008231232
55,Pennsylvania,6,0.002685722,0.017134412,34921.6391,1396297,10133,-2664,10951.26489,0.00084223,2795258,58892.01332,0.004529214
56,Pennsylvania,7,0.009676886,0.030220302,125825.6462,1567186,14014,31542,79418.02147,0.00610781,3102830,172233.271,0.013245962
57,Pennsylvania,8,0.014668154,0.079775406,190725.5998,1475053,70315,60237,77858.07919,0.005987839,2889869,303593.1203,0.023348468
58,Pennsylvania,9,0.009913355,0.09956594,128900.3851,1222131,128294,8279,8042.069066,0.000618492,2435983,249758.7011,0.019208218
59,Pennsylvania,10,0.005837319,0.099177943,75900.90613,1366488,131842,-17231,-61333.4978,-0.004716982,2750207,213135.3101,0.016391619
60,Oklahoma,1,0.004368627,0.198150769,17296.93647,124359,98988,10910,-5183.070115,-0.00130907,237808,39776.94306,0.010046324
61,Oklahoma,2,0.002341841,0.105054344,9272.175678,104847,33946,-2538,-2009.08503,-0.000507428,212232,20553.43639,0.00519111
62,Oklahoma,3,0.004369105,0.054854334,17298.83096,185589,13794,3320,7300.586318,0.001843884,367858,27297.07559,0.006894327
63,Oklahoma,4,0.002738087,0.035264866,10841.05337,200781,8141,-4571,3599.342706,0.000909073,406133,18082.76403,0.004567101
64,Oklahoma,5,0.002773361,0.062737616,10980.71701,271027,4472,-8607,-6562.853475,-0.001657557,550661,28524.2875,0.00720428
65,Oklahoma,6,0.002839648,0.082795796,11243.17034,303759,4608,-2268,-14094.57858,-0.003559819,609786,36580.91926,0.009239115
66,Oklahoma,7,0.00698721,0.27970852,27664.83267,322625,22455,-2614,-63307.28672,-0.015989301,647864,118636.9521,0.029963722
67,Oklahoma,8,0.010531276,0.796522341,41697.04027,288878,71323,16234,-175469.9969,-0.044317846,561522,258864.0775,0.065380399
68,Oklahoma,9,0.007296588,0.268944894,28889.7669,259832,59269,259,-40921.06612,-0.010335291,519405,98700.59992,0.024928467
69,Oklahoma,10,0.005210831,0.556531667,20631.51769,291058,28761,-163,-141442.1908,-0.035723562,582279,182705.2262,0.046145223
70,Tennessee,1,0.008344546,0.177704962,57667.82355,441030,141059,13993,-18218.77022,-0.00263626,868067,133554.4173,0.019325352
71,Tennessee,2,0.004527364,0.099853762,31287.89024,391900,45817,-3602,-8204.472326,-0.001187189,787402,70780.25281,0.010241917
72,Tennessee,3,0.011049852,0.087585528,76363.75614,718250,36149,359,13486.89351,0.001951556,1436141,139240.6188,0.020148147
73,Tennessee,4,0.006953154,0.07984737,48052.13164,804977,33816,17385,-14835.01824,-0.00214663,1592569,110939.2815,0.016052937
74,Tennessee,5,0.005706695,0.04943861,39438.05912,988208,14971,-30713,-10935.97923,-0.001582438,2007129,89812.09746,0.012995829
75,Tennessee,6,0.004604279,0.018088552,31819.43285,1114916,3960,-4143,11577.2763,0.001675234,2233975,52061.58941,0.007533323
76,Tennessee,7,0.014137004,0.11330838,97698.57,1234887,26397,-16447,-44088.05809,-0.006379551,2486221,239485.1981,0.034653558
77,Tennessee,8,0.020660203,0.242932164,142779.3589,1084663,158255,12937,-117577.3573,-0.017013468,2156389,403136.0751,0.058333875
78,Tennessee,9,0.015874231,0.220887182,109704.2736,1020619,167292,7186,-114150.0863,-0.016517541,2034052,333558.6335,0.048266004
79,Tennessee,10,0.010701887,0.116203763,73959.02589,1174380,48445,-50,-62514.15898,-0.009045812,2348810,210432.2108,0.030449585
80,Indiana,1,0.003666859,0.084788397,24881.57395,192182,108909,23088,10544.36477,0.001553949,361276,39218.78313,0.005779769
81,Indiana,2,0.002122225,0.033902898,14400.41746,181340,33282,-6558,8030.130794,0.00118342,369238,20770.70413,0.00306103
82,Indiana,3,0.004483846,0.029023129,30425.26124,303357,24284,-20182,21035.14723,0.003100002,626896,39815.37525,0.00586769
83,Indiana,4,0.003207088,0.038663422,21761.78881,332731,32712,26995,9940.988865,0.001465028,638467,33582.58876,0.004949149
84,Indiana,5,0.002267434,0.033933278,15385.74026,373492,22119,-3154,2604.906875,0.000383892,750138,28166.57365,0.004150977
85,Indiana,6,0.00178975,0.024141479,12144.40117,439649,9714,-5979,1386.282203,0.0002043,885277,22902.52013,0.003375201
86,Indiana,7,0.005731122,0.045751018,38888.68796,482687,16982,18093,17633.03965,0.002598625,947281,60144.33627,0.008863619
87,Indiana,8,0.007691132,0.085696021,52188.39366,411228,87267,20278,18685.53443,0.002753733,802178,85691.2529,0.012628531
88,Indiana,9,0.005705236,0.083013042,38713.03934,375529,101512,-1794,7390.309397,0.001089128,752852,70035.76929,0.010321344
89,Indiana,10,0.004007152,0.062407236,27190.63992,465168,57100,-6153,-2223.201048,-0.000327639,936489,56604.48088,0.008341942
90,Virginia,1,0.007250864,0.159108434,62585.05542,510963,150013,26776,-14453.17972,-0.00167449,995150,139623.2906,0.016176218
91,Virginia,2,0.003837926,0.106737024,33126.64831,453642,68410,-11467,-16517.70207,-0.001913677,918751,82770.99869,0.00958953
92,Virginia,3,0.011018765,0.075973385,95107.28865,772036,41802,-25190,34539.3307,0.004001594,1569262,155675.2466,0.018035935
93,Virginia,4,0.007066067,0.072897815,60990.00335,1038460,38789,23866,-12971.68187,-0.001502849,2053054,134951.6886,0.015634984
94,Virginia,5,0.00567796,0.03851987,49008.70802,1274108,14985,11322,366.3549016,4.24E-05,2536894,97651.06114,0.011313476
95,Virginia,6,0.004194825,0.018474734,36207.18729,1469642,4743,-14423,8789.481088,0.001018315,2953707,63624.89349,0.007371335
96,Virginia,7,0.014621696,0.049639378,126205.6087,1751372,13820,23706,40445.3428,0.004685842,3479038,211965.8747,0.024557551
97,Virginia,8,0.024926236,0.126917386,215148.1369,1753818,72051,36422,-2819.27407,-0.00032663,3471214,433115.5478,0.050179102
98,Virginia,9,0.017622312,0.136882076,152105.1046,1480640,96934,-100,-50581.66003,-0.005860197,2961380,354791.8692,0.041104822
99,Virginia,10,0.011545013,0.089229041,99649.54866,1706098,55443,-24358,-54757.38071,-0.00634398,3436554,254056.478,0.029434007
100,Nebraska,1,0.005260431,0.066792912,10318.35619,88312,22997,8317,4975.257189,0.00253645,168307,15661.45519,0.007984412
101,Nebraska,2,0.002909268,0.037028614,5706.540555,83424,9932,-4727,2442.431199,0.001245183,171575,8970.649911,0.004573353
102,Nebraska,3,0.004955335,0.039607882,9719.909649,138578,8400,-1886,4156.428117,0.002119001,279042,15283.39118,0.00779167
103,Nebraska,4,0.004055127,0.04136845,7954.147508,145702,9930,4644,2118.796688,0.00108019,286760,13789.49833,0.007030064
104,Nebraska,5,0.003807791,0.026127001,7468.997871,185220,3336,-6750,2453.397482,0.001250774,377190,12484.59826,0.006364809
105,Nebraska,6,0.00358566,0.014636386,7033.287246,222324,1084,8044,3897.002511,0.001986742,436604,10169.57198,0.005184579
106,Nebraska,7,0.007952988,0.045055495,15599.81788,224156,3962,-7113,5179.878625,0.002640769,455425,26019.75713,0.013265207
107,Nebraska,8,0.011991848,0.068902676,23522.05834,205962,15804,14325,10317.75629,0.005260125,397599,36726.36038,0.018723571
108,Nebraska,9,0.008784283,0.078081026,17230.40561,183227,22195,-3363,2661.267052,0.001356748,369817,31799.54417,0.016211817
109,Nebraska,10,0.007020363,0.076425167,13770.47067,209298,17687,1528,-2108.386298,-0.001074882,417068,29649.32764,0.015115609
110,Florida,1,0.017435875,0.120432667,375537.1394,3215468,398062,-290878,-46741.46129,-0.002170167,6721814,797815.7401,0.037041917
111,Florida,2,0.011683772,0.076940074,251647.2569,3625583,182114,161733,-14861.61754,-0.000690012,7089433,518156.1313,0.024057556
112,Florida,3,0.025968734,0.061995359,559319.4493,5798399,146814,377277,223235.0434,0.010364616,11219521,895403.8551,0.041572852
113,Florida,4,0.014838222,0.074846205,319588.3963,5608362,168993,-357196,-126910.9784,-0.005892371,11573920,766087.7709,0.035568814
114,Florida,5,0.010119498,0.045177992,217955.6426,6208853,81881,-178659,-70619.3259,-0.003278796,12596365,506530.6111,0.023517792
115,Florida,6,0.00777266,0.02736243,167409.0143,6478858,38709,-92412,-12396.89929,-0.000575578,13050128,347214.9279,0.016120899
116,Florida,7,0.020963908,0.128875508,451524.5783,6883048,268770,10176,-434220.2895,-0.020160485,13755920,1337269.446,0.062088301
117,Florida,8,0.030137386,0.165884515,649104.662,5521796,616220,-270683,-311777.9079,-0.014475587,11314275,1609987.232,0.07475036
118,Florida,9,0.022477738,0.133446489,484129.7324,4816096,313305,51024,-151752.3966,-0.007045737,9581168,1120011.861,0.052001214
119,Florida,10,0.018512763,0.032850941,398731.3414,5932802,70706,231080,211424.4088,0.009816258,11634524,586038.2741,0.027209267
120,Colorado,1,0.031608152,0.058564619,182496.4309,1362493,59024,-29381,100981.8602,0.017489931,2754367,264011.0016,0.045726373
121,Colorado,2,0.017680559,0.041695453,102082.4923,1380618,31202,14380,45116.58006,0.007814135,2746856,159048.4046,0.027546984
122,Colorado,3,0.0230427,0.045788799,133041.9578,1939036,32242,-21467,43272.87901,0.007494808,3899539,222811.0365,0.038590591
123,Colorado,4,0.018888726,0.05800887,109058.1044,2088320,47281,-46575,-14784.74309,-0.002560699,4223215,232900.9519,0.040338152
124,Colorado,5,0.015978638,0.040384349,92256.08645,2444056,30370,-5935,-6685.206207,-0.001157869,4894047,191197.3791,0.033115145
125,Colorado,6,0.015579736,0.0314004,89952.94237,2811442,14210,59416,3538.224043,0.000612816,5563468,176367.6607,0.030546657
126,Colorado,7,0.040544051,0.039287891,234089.7553,3107240,16761,-10451,111602.2515,0.01932937,6224931,356577.259,0.061758733
127,Colorado,8,0.06505026,0.062712521,375581.5957,2883236,40796,-10810,194088.6752,0.033615914,5777282,557074.5162,0.096484605
128,Colorado,9,0.052370001,0.057416613,302369.4062,2659880,53291,1879,149755.9905,0.025937549,5317881,454982.8219,0.078802452
129,Colorado,10,0.040199139,0.072671613,232098.3334,2747137,66944,-29571,30310.48367,0.005249738,5523845,433886.1831,0.075148541
130,Minnesota,1,0.010951043,0.05253253,62492.06293,498335,46505,5279,36590.58384,0.006412095,991391,88393.54202,0.015489991
131,Minnesota,2,0.006288497,0.03339685,35885.27126,509224,22066,-26016,18009.94137,0.003156043,1044464,53760.60115,0.009420951
132,Minnesota,3,0.00899562,0.047209727,51333.44963,773103,34299,-41423,12879.8992,0.00225706,1587629,89787.00007,0.015734179
133,Minnesota,4,0.008554654,0.066128471,48817.08367,822004,54145,66262,-1158.979146,-0.000203098,1577746,98793.14648,0.017312407
134,Minnesota,5,0.006966714,0.040462967,39755.51228,1002387,23860,33677,558.6316209,9.79E-05,1971097,78952.39293,0.013835534
135,Minnesota,6,0.005935201,0.01300879,33869.19003,1186589,3848,21916,18718.20388,0.003280158,2351262,49020.17618,0.008590244
136,Minnesota,7,0.015211506,0.025499764,86804.37012,1320270,7253,-11231,52851.40826,0.009261625,2651771,120757.332,0.021161388
137,Minnesota,8,0.025849532,0.060892429,147510.1972,1273247,37263,10257,70603.66863,0.012372513,2536237,224416.7258,0.039326551
138,Minnesota,9,0.020678759,0.075440849,118003.217,1076230,59706,-7299,36260.86962,0.006354317,2159759,199745.5643,0.035003202
139,Minnesota,10,0.01561779,0.085300745,89122.82341,1164628,72760,-11462,-11198.52968,-0.001962419,2340718,189444.1765,0.033197998
140,Delaware,1,1.42E-05,0.081237793,14.10422544,93,20007,-2,6.386635084,6.45E-06,188,21.8218158,2.20E-05
141,Delaware,2,4.07E-05,0.052337014,40.31659864,524,8304,-105,7.396616791,7.47E-06,1153,73.23658049,7.40E-05
142,Delaware,3,6.48E-05,0.046478314,64.10320145,1034,7722,-282,2.93774058,2.97E-06,2350,125.2686623,0.000126541
143,Delaware,4,0.000126006,0.063875645,124.7393677,1691,9217,274,34.22757944,3.46E-05,3108,215.251156,0.000217437
144,Delaware,5,6.03E-05,0.032619972,59.69185613,1175,4245,197,27.78952393,2.81E-05,2153,91.59418832,9.25E-05
145,Delaware,6,2.78E-05,0.015850225,27.47458698,1010,850,-104,9.817436662,9.92E-06,2124,45.13173729,4.56E-05
146,Delaware,7,0.000203376,0.033715733,201.3319423,1571,1637,-130,143.98148,0.000145443,3272,258.6824047,0.000261309
147,Delaware,8,0.000278164,0.077102673,275.368295,1660,8289,74,153.0834551,0.000154638,3246,397.6531349,0.000401691
148,Delaware,9,0.000126681,0.086624471,125.4076598,926,12783,20,46.92588869,4.74E-05,1832,203.8894309,0.00020596
149,Delaware,10,5.27E-05,0.063472007,52.14136953,1233,10599,6,-25.73878282,-2.60E-05,2460,130.0215219,0.000131342
150,Idaho,1,0.006214441,0.374908902,11429.01522,97040,21606,-2414,-25857.17468,-0.014059643,196494,48715.20513,0.026488525
151,Idaho,2,0.003199988,0.222740476,5885.117569,101650,7975,-1139,-17010.15321,-0.009249142,204439,28780.38835,0.015649119
152,Idaho,3,0.003142814,0.253414137,5779.967989,143074,9074,-1496,-30856.11378,-0.016777779,287644,42416.04976,0.023063407
153,Idaho,4,0.003404118,0.216912709,6260.533287,138892,6759,-4058,-24747.13841,-0.01345607,281842,37268.20498,0.020264305
154,Idaho,5,0.003616387,0.066287245,6650.918938,179324,4356,1343,-5146.951165,-0.002798616,357305,18448.78904,0.01003139
155,Idaho,6,0.004288871,0.106531113,7887.688982,231446,2693,6464,-16079.89383,-0.008743321,456428,31855.2718,0.017321063
156,Idaho,7,0.008227302,0.208825237,15130.88139,261612,5395,-4021,-40339.99282,-0.021934566,527245,70601.75559,0.038389171
157,Idaho,8,0.013283899,0.402848168,24430.49837,236515,20905,-1917,-71621.3961,-0.038943593,474947,120482.3928,0.065511391
158,Idaho,9,0.012366124,0.452610614,22742.61283,203485,34770,-2220,-70361.65358,-0.038258618,409190,115846.8792,0.062990866
159,Idaho,10,0.006999072,0.600294408,12872.03568,210153,32216,-5988,-116876.198,-0.06355055,426294,142620.2693,0.077548694
160,Kentucky,1,0.005812635,0.221051773,26190.78136,204957,97620,17226,-15307.48913,-0.003397258,392688,67689.05185,0.015022529
161,Kentucky,2,0.003429705,0.141727833,15453.69025,196144,40124,-6988,-13335.768,-0.002959666,399276,44243.1485,0.009819077
162,Kentucky,3,0.00745406,0.081207926,33586.77332,309463,21750,-21486,6711.091456,0.001489422,640412,60462.45519,0.013418699
163,Kentucky,4,0.005362405,0.039075153,24162.11659,369027,16285,28307,10848.43033,0.00240764,709747,37475.80285,0.00831717
164,Kentucky,5,0.003886492,0.019898489,17511.89513,423229,13804,-14035,8811.002044,0.001955464,860493,26212.78823,0.005817519
165,Kentucky,6,0.003367842,0.043021861,15174.94248,543776,6455,-4524,-8413.943816,-0.001867344,1092076,38763.82878,0.008603027
166,Kentucky,7,0.011118788,0.108589718,50099.43576,589969,18830,5717,-13344.324,-0.002961565,1174221,113543.1955,0.025199141
167,Kentucky,8,0.015234605,0.173939352,68644.63115,510560,91988,33578,-14321.30863,-0.003178391,987542,151610.5709,0.033647601
168,Kentucky,9,0.011005536,0.164120957,49589.14091,460943,109362,-3995,-26716.92881,-0.005929406,925881,125895.2106,0.027940478
169,Kentucky,10,0.006940697,0.109813464,31273.6433,543173,49327,2582,-28090.52692,-0.006234254,1083764,90637.81352,0.020115649
170,Illinois,1,0.011941809,0.061138764,153004.5183,1217539,162912,61995,82355.98696,0.00642778,2373083,223653.0496,0.017455837
171,Illinois,2,0.006703387,0.028532228,85887.19725,1188052,58083,-24083,51302.28475,0.004004078,2400187,120472.1097,0.009402695
172,Illinois,3,0.010892512,0.027588976,139560.3909,1899214,56746,-95277,84534.42559,0.006597805,3893705,194586.3561,0.015187218
173,Illinois,4,0.010268395,0.038724045,131563.8928,2253234,86944,123861,49105.95719,0.003832658,4382607,214021.8283,0.016704132
174,Illinois,5,0.008276426,0.023033561,106041.7693,2701531,44318,35192,44626.48648,0.003483041,5367870,167457.052,0.013069811
175,Illinois,6,0.007398953,0.008029253,94799.14209,3237224,9152,30683,69053.01176,0.0053895,6443765,120545.2724,0.009408406
176,Illinois,7,0.022053788,0.026708246,282564.3315,3774109,27415,55165,183237.8589,0.014301482,7493053,381890.8041,0.029806093
177,Illinois,8,0.034007824,0.052935448,435725.5231,3498514,103331,39174,252603.8109,0.019715407,6957854,618847.2353,0.048300242
178,Illinois,9,0.026670707,0.035143016,341718.6486,3125577,99388,-13240,231411.1511,0.018061347,6264394,452026.1461,0.035280067
179,Illinois,10,0.020199962,0.018959058,258812.1772,3390976,64660,-25857,194032.2422,0.01514397,6807809,323592.1122,0.025255954
180,Alabama,1,0.002703587,0.215518171,13583.57317,86979,93892,6550,-3750.337836,-0.000746443,167408,30917.48418,0.006153616
181,Alabama,2,0.001560812,0.102893482,7841.956397,77543,32392,-92,-146.1790872,-2.91E-05,155178,15830.09188,0.003150719
182,Alabama,3,0.004132185,0.091177475,20761.25211,125469,21619,1467,9455.062814,0.001881875,249471,32067.44141,0.006382496
183,Alabama,4,0.001809498,0.065024864,9091.423458,140445,12056,2555,125.1449127,2.49E-05,278335,18057.702,0.003594088
184,Alabama,5,0.001541009,0.091908676,7742.459737,172802,15096,-6805,-8764.981798,-0.001744525,352409,24249.90127,0.004826544
185,Alabama,6,0.001231835,0.059173717,6189.08101,193879,6938,-794,-5330.444048,-0.001060937,388552,17708.60607,0.003524606
186,Alabama,7,0.003941363,0.175767052,19802.50759,210417,34624,-2494,-17620.23118,-0.003507017,423328,57225.24635,0.011389743
187,Alabama,8,0.006407498,0.258277841,32193.05943,185045,112324,3396,-14722.85213,-0.002930341,366694,79108.971,0.015745338
188,Alabama,9,0.004682974,0.289744453,23528.56897,183269,92055,20,-29566.81235,-0.005884787,366518,76623.95029,0.015250736
189,Alabama,10,0.002816762,0.121313598,14152.19878,210824,33727,-991,-11543.84102,-0.002297611,422639,39848.23858,0.007931136
190,Kansas,1,0.001493645,0.299890537,4388.149738,33542,46848,3235,-4700.632763,-0.001600008,63849,13476.93224,0.004587298
191,Kansas,2,0.000794719,0.221078521,2334.788258,28524,16989,-622,-4108.766306,-0.001398548,57670,8778.342822,0.002987985
192,Kansas,3,0.001049125,0.13168962,3082.20305,49572,7296,731,-3349.649665,-0.001140159,98413,9514.055766,0.003238409
193,Kansas,4,0.000967035,0.127880096,2841.032728,52608,6638,-401,-3937.763258,-0.001340342,105617,9619.828713,0.003274412
194,Kansas,5,0.000930473,0.120701092,2733.618874,67633,4731,-3165,-5811.777034,-0.001978221,138431,11279.01478,0.003839168
195,Kansas,6,0.000983155,0.119991138,2888.39183,82090,3791,579,-6892.205783,-0.002345979,163601,12668.98944,0.00431229
196,Kansas,7,0.002264838,0.287499511,6653.823327,85940,14701,-1663,-18531.99634,-0.006307949,173543,31839.643,0.010837625
197,Kansas,8,0.003562501,0.325121021,10466.20061,78561,36066,5680,-13228.94454,-0.004502888,151442,34161.34575,0.01162789
198,Kansas,9,0.002553296,0.265505216,7501.277873,71365,35707,505,-11312.42174,-0.003850539,142225,26314.97749,0.008957131
199,Kansas,10,0.001706639,0.28032222,5013.901825,74725,23350,-1035,-16223.3096,-0.005522114,150485,26251.11325,0.008935393
200,Nevada,1,0.028611531,0.130680066,88827.76039,723217,51262,-57337,-13175.08751,-0.004243712,1503771,190830.6083,0.061466774
201,Nevada,2,0.017917553,0.065462987,55627.08539,830129,14608,26817,3039.882692,0.00097915,1633441,108214.2881,0.034855956
202,Nevada,3,0.026467384,0.044811947,82171.01191,1331520,9782,30809,23883.61899,0.007692943,2632231,140458.4048,0.045241826
203,Nevada,4,0.023032418,0.050496224,71506.7677,1480545,11326,27980,-1842.279488,-0.0005934,2933110,144855.8149,0.046658237
204,Nevada,5,0.019343972,0.044002478,60055.56776,1785548,8310,-2730,-18633.09581,-0.006001743,3573826,138744.2313,0.044689688
205,Nevada,6,0.017427355,0.06422935,54105.20905,1980171,9450,20380,-71770.89253,-0.023117493,3939962,179981.3106,0.057972202
206,Nevada,7,0.044544288,0.111985922,138292.8204,2161269,22146,8479,-102789.3529,-0.033108577,4314059,379374.9936,0.122197154
207,Nevada,8,0.07022526,0.111060595,218022.3257,1919028,34199,-60476,-1822.565876,-0.000587051,3898532,437867.2172,0.141037571
208,Nevada,9,0.060337401,0.090412846,187324.3384,1917740,29267,48049,18280.25338,0.005888092,3787431,356368.4234,0.114786709
209,Nevada,10,0.043821743,0.095147689,136049.5967,2116981,15887,23471,-63143.04259,-0.020338452,4210491,335242.236,0.107981938
210,South Carolina,1,0.003580945,0.128855841,18328.80071,132071,135879,-2221,1024.49208,0.000200158,266363,35633.10934,0.006961733
211,South Carolina,2,0.002370308,0.092213357,12132.24611,143242,70907,2250,-869.0995579,-0.000169798,284234,25133.59178,0.004910415
212,South Carolina,3,0.010036896,0.058039949,51373.09706,276374,33654,17409,36342.78171,0.007100384,535339,66403.4124,0.012973407
213,South Carolina,4,0.004455302,0.056255251,22804.1272,358707,25978,2902,2788.2275,0.000544743,714512,42820.0269,0.00836586
214,South Carolina,5,0.003669149,0.040968955,18780.26204,485993,13706,3789,-975.1319059,-0.000190514,968197,38535.65599,0.007528811
215,South Carolina,6,0.002802466,0.017425353,14344.21198,592675,3578,4641,4097.511976,0.000800542,1180709,24590.91198,0.00480439
216,South Carolina,7,0.008873347,0.09120074,45417.55942,690996,20127,10972,-16601.13225,-0.003243406,1371020,107436.2511,0.0209901
217,South Carolina,8,0.014550424,0.145446778,74475.25343,588596,118139,-14234,-13204.42777,-0.002579783,1191426,162154.9346,0.031680631
218,South Carolina,9,0.010442718,0.10751298,53450.26762,486449,116752,8,1151.546306,0.000224981,972890,105748.9889,0.020660455
219,South Carolina,10,0.006696277,0.055107847,34274.39398,525784,36783,-4916,5028.659545,0.000982462,1056484,63520.12841,0.012410093
220,Texas,1,0.009846684,0.165660375,286986.5828,2323595,588149,-20201,-101287.5421,-0.003475237,4667391,675260.7076,0.023168606
221,Texas,2,0.004690739,0.122523771,136713.9669,2018724,251581,-3468,-111052.6231,-0.003810283,4040916,384480.5568,0.013191762
222,Texas,3,0.00865705,0.082252801,252314.094,3721651,135460,33656,-51033.82622,-0.001751002,7409646,555662.0141,0.019065102
223,Texas,4,0.007045334,0.054886105,205339.8219,3874555,96585,-124384,-14146.36396,-0.00048537,7873494,424826.0078,0.014576039
224,Texas,5,0.006094923,0.040995764,177639.6023,4602731,57131,-96706,-15017.40863,-0.000515256,9302168,370296.6132,0.012705102
225,Texas,6,0.005596384,0.044108323,163109.4405,5327460,44454,-133112,-77747.23344,-0.002667555,10788032,403966.1144,0.013860323
226,Texas,7,0.01702133,0.101381076,496095.2654,5926607,134996,-85643,-113433.1116,-0.003891959,11938857,1105623.642,0.03793462
227,Texas,8,0.023435998,0.189718929,683054.0106,5122005,462054,54299,-278385.7419,-0.009551584,10189711,1644493.763,0.056423581
228,Texas,9,0.017141042,0.135471683,499584.3202,4698418,434942,-57155,-144661.1597,-0.004963412,9453991,1143829.8,0.039245496
229,Texas,10,0.014070805,0.076416767,410100.7085,5390746,164466,10930,-1007.437388,-3.46E-05,10770562,821208.8545,0.028176175
230,Missouri,1,0.008115711,0.178740536,49951.49467,382785,87728,29285,-13233.28483,-0.002150036,736285,113136.2742,0.018381458
231,Missouri,2,0.004352476,0.090049593,26789.1106,344624,28526,-12012,-5325.815912,-0.000865295,701260,58904.03712,0.009570247
232,Missouri,3,0.008387213,0.048071181,51622.56336,595616,18191,-10083,22505.89737,0.003656574,1201315,80739.22934,0.013117851
233,Missouri,4,0.006228412,0.024181393,38335.33641,653082,9257,13746,22875.30127,0.003716592,1292418,53795.37155,0.008740233
234,Missouri,5,0.005243746,0.055803084,32274.80207,800020,13802,-18461,-13398.96199,-0.002176954,1618501,77948.56614,0.012664446
235,Missouri,6,0.004763387,0.096739603,29318.23394,989662,19126,10891,-65367.68427,-0.010620408,1968433,124004.1521,0.020147182
236,Missouri,7,0.013607428,0.17995975,83752.53746,1054595,59465,-23466,-110255.0506,-0.01791334,2132656,277760.1255,0.045128197
237,Missouri,8,0.021255243,0.160880532,130824.1711,974500,75327,63462,-15744.10691,-0.002557974,1885538,277392.4491,0.04506846
238,Missouri,9,0.015141261,0.121771225,93193.14584,880178,58726,-6359,-14761.55098,-0.002398336,1766715,201147.8427,0.032680859
239,Missouri,10,0.010916434,0.08160446,67189.7004,976242,32903,2906,-12238.85857,-0.00198847,1949578,146618.2594,0.023821337
240,Iowa,1,0.002611204,0.459473777,8330.703463,74902,36428,5044,-23767.21566,-0.007449676,144760,40428.62259,0.012672084
241,Iowa,2,0.001529441,0.277587354,4879.482332,73613,16278,-4009,-16667.40323,-0.005224287,151235,26426.36789,0.00828317
242,Iowa,3,0.00331063,0.268581581,10562.13025,120834,14512,4837,-20592.52743,-0.006454591,236831,41716.78793,0.01307585
243,Iowa,4,0.001911971,0.232916636,6099.892575,107888,12707,2192,-18518.4642,-0.00580449,213584,30718.24935,0.009628431
244,Iowa,5,0.001705304,0.158886894,5440.549355,138176,6195,-5,-16514.60056,-0.005176392,276357,27395.69926,0.008587
245,Iowa,6,0.001488965,0.086004042,4750.349137,168392,2383,298,-9706.414325,-0.003042411,336486,19207.1126,0.006020342
246,Iowa,7,0.003951336,0.198573176,12606.22147,184232,4871,-1967,-24367.90528,-0.007637958,370431,49580.34821,0.015540631
247,Iowa,8,0.006118454,0.553677869,19520.12521,175207,25916,12211,-70727.15267,-0.022168957,338203,109767.4031,0.034405864
248,Iowa,9,0.004291423,0.466532762,13691.22214,153777,43667,-2748,-59332.81844,-0.018597478,310302,86715.26273,0.027180324
249,Iowa,10,0.003455131,0.629258924,11023.14332,168682,34075,-1097,-95811.80756,-0.030031576,338461,117858.0942,0.036941838
250,Massachusetts,1,0.005594644,0.055370529,39329.88512,333612,148847,41587,23160.30646,0.003294535,625637,55499.46378,0.007894754
251,Massachusetts,2,0.003271124,0.022005387,22995.73162,315811,54725,-14103,15735.84622,0.002238411,645725,30255.61701,0.004303837
252,Massachusetts,3,0.006286105,0.02170423,44190.79329,479908,53037,11274,34019.45298,0.00483924,948542,54362.1336,0.007732969
253,Massachusetts,4,0.005794367,0.020718074,40733.92027,633467,50634,-17732,27242.33096,0.0038752,1284666,54225.50958,0.007713535
254,Massachusetts,5,0.004536204,0.010509171,31889.13956,820555,16666,51820,23810.37216,0.003387006,1589290,39967.90695,0.005685402
255,Massachusetts,6,0.003406382,0.003301118,23946.5796,983894,2835,41388,20835.25623,0.002963798,1926400,27057.90297,0.003848965
256,Massachusetts,7,0.01167207,0.011924529,82053.68386,1166106,9731,-60899,67422.22711,0.009590757,2393111,96685.14062,0.013753383
257,Massachusetts,8,0.019422691,0.027468699,136539.9071,1142769,40089,16549,105604.1093,0.015022099,2268989,167475.7049,0.023823283
258,Massachusetts,9,0.014581176,0.020878416,102504.4596,986131,50045,26940,82478.07069,0.011732439,1945322,122530.8486,0.017429914
259,Massachusetts,10,0.009303299,0.016156074,65401.42181,1125363,38323,-44864,46495.1474,0.006613897,2295590,84307.69623,0.011992702
260,California,1,0.004878198,0.103029084,192875.2789,1648519,950001,61586,29375.02486,0.000742953,3235452,356375.5329,0.009013443
261,California,2,0.002812699,0.03898549,111209.1241,1682062,230011,7697,45933.1839,0.001161741,3356427,176485.0642,0.004463657
262,California,3,0.004423869,0.019658079,174911.9182,2819809,97745,-33127,118828.6776,0.003005413,5672745,230995.1587,0.005842325
263,California,4,0.004480949,0.0123534,177168.7545,3398965,74228,-11077,135043.1406,0.003415509,6809007,219294.3684,0.005546389
264,California,5,0.004043538,0.008455644,159874.3219,4238420,47100,11146,124129.9981,0.003139494,8465694,195618.6458,0.004947583
265,California,6,0.004277458,0.007586765,169123.0877,5012840,28923,-155158,129914.7033,0.0032858,10180838,208331.4721,0.005269116
266,California,7,0.009929389,0.036894776,392590.4082,5805542,146146,4562,178564.5508,0.004516251,11606522,606616.2655,0.015342527
267,California,8,0.015954787,0.049931367,630823.9123,5367816,413410,46402,365118.436,0.009234569,10689230,896529.3885,0.022675005
268,California,9,0.013379826,0.026060632,529014.5591,4720911,262950,-25684,405315.2957,0.010251227,9467506,652713.8224,0.016508426
269,California,10,0.009345629,0.019299335,369509.5635,5257598,178631,56531,269132.4275,0.006806892,10458665,469886.6994,0.011884366
270,Maryland,1,0.007206972,0.059326313,44519.07969,370109,74254,4399,22822.85373,0.003694678,735819,66215.30565,0.010719266
271,Maryland,2,0.004158368,0.031189229,25687.17324,353693,26463,-5865,14472.8366,0.002342935,713251,36901.50989,0.005973801
272,Maryland,3,0.008658492,0.034399722,53485.44654,603280,28642,-18069,32111.21347,0.005198324,1224629,74859.67961,0.01211866
273,Maryland,4,0.007021771,0.038875407,43375.05074,736591,34473,14291,15295.3446,0.002476087,1458891,71454.75688,0.011567454
274,Maryland,5,0.005283523,0.016174099,32637.50573,857084,11554,8666,18915.10896,0.003062073,1705502,46359.90249,0.007504974
275,Maryland,6,0.003704749,0.005415839,22885.06688,871434,2284,-13667,18091.50262,0.002928743,1756535,27678.63115,0.004480756
276,Maryland,7,0.012730629,0.014772662,78639.94394,972315,6194,-12829,64086.74438,0.010374684,1957459,93193.14349,0.015086573
277,Maryland,8,0.019292718,0.039524074,119175.4408,940229,27907,31748,83268.57058,0.013479934,1848710,155082.3109,0.025105502
278,Maryland,9,0.013739543,0.036073545,84872.23362,818350,33964,-260,55342.06909,0.008959052,1636960,114402.3982,0.018520034
279,Maryland,10,0.008227709,0.025098355,50824.40216,888863,27400,-9455,28278.0978,0.0045778,1787181,73370.70652,0.011877618
280,New York,1,0.003984641,0.063701832,80494.71571,667610,424091,25084,39564.63212,0.001958524,1310136,121424.7993,0.006010757
281,New York,2,0.00230617,0.037265737,46587.51718,646028,215028,-23154,21649.95653,0.001071714,1315210,71525.07783,0.003540627
282,New York,3,0.004674748,0.034630154,94435.75557,975086,222835,-100809,57177.34574,0.002830387,2050981,131694.1654,0.00651911
283,New York,4,0.004467476,0.02738851,90248.5995,1408191,165842,110722,54712.85723,0.00270839,2705660,125784.3418,0.006226563
284,New York,5,0.003422256,0.01084737,69133.84791,1770854,50382,64916,50628.90665,0.002506227,3476792,87638.78917,0.004338286
285,New York,6,0.002439418,0.004295709,49279.28435,2034209,12117,83263,40898.58867,0.002024557,3985155,57659.98003,0.002854278
286,New York,7,0.009166045,0.015160805,185165.5611,2345322,35013,30493,150070.8898,0.007428793,4660151,220260.2323,0.010903298
287,New York,8,0.014417371,0.031833902,291248.9049,2300760,125626,14931,218482.0486,0.010815274,4586589,364015.7612,0.018019468
288,New York,9,0.010407541,0.030324258,210245.3357,2029416,143847,54054,150343.9485,0.00744231,4004778,270146.7229,0.013372773
289,New York,10,0.006064747,0.024147312,122515.4711,2275792,127139,-31675,66796.34655,0.003306545,4583259,178234.5956,0.008822949
290,Vermont,1,0.001312286,0.022805365,843.9012328,8165,4553,-652,642.8263252,0.00099961,16982,1044.97614,0.001624963
291,Vermont,2,0.000900464,0.01953272,579.0675482,8587,3115,-428,402.9800805,0.000626644,17602,755.1550159,0.001174284
292,Vermont,3,0.003706884,0.016433404,2383.811893,13344,3991,68,2165.642025,0.003367625,26620,2601.981762,0.004046143
293,Vermont,4,0.002211209,0.014772213,1421.977609,19484,3429,-219,1130.920691,0.001758609,39187,1713.034526,0.002663809
294,Vermont,5,0.001772868,0.010091229,1140.090835,29090,1188,2849,875.2869,0.001361092,55331,1404.894769,0.002184645
295,Vermont,6,0.001073999,0.005087527,690.663958,40008,186,3210,503.4531264,0.000782882,76806,877.8747895,0.001365116
296,Vermont,7,0.00311794,0.011180124,2005.075346,46872,477,-5376,1420.936215,0.00220959,99120,2589.214476,0.00402629
297,Vermont,8,0.007257537,0.027531785,4667.155041,49565,3311,-815,3280.103711,0.005100639,99945,6054.206371,0.009414435
298,Vermont,9,0.006111912,0.030334993,3930.430354,44648,5263,2113,2640.131413,0.004105467,87183,5220.729295,0.008118358
299,Vermont,10,0.004984139,0.028038003,3205.184983,46796,6339,-3457,1796.191206,0.00279312,97049,4614.17876,0.007175157
300,Washington,1,0.008602571,0.091148817,66285.22565,604730,64845,10612,12132.073,0.001574514,1198848,120438.3783,0.015630628
301,Washington,2,0.004894312,0.038528519,37712.05243,647493,26438,-11466,12323.33811,0.001599337,1306452,63100.76674,0.008189288
302,Washington,3,0.006732894,0.036219786,51878.84025,1019893,23778,-4048,14791.91596,0.001919711,2043834,88965.76454,0.011546077
303,Washington,4,0.006782407,0.06258058,52260.34919,1227051,37278,5364,-24193.53206,-0.003139864,2448738,128714.2304,0.016704677
304,Washington,5,0.005827047,0.04971812,44899.03669,1504632,31140,37789,-28029.64003,-0.003637718,2971475,117827.7134,0.015291813
305,Washington,6,0.005955934,0.036357438,45892.14505,1864676,14611,14710,-21367.87925,-0.002773147,3714642,113152.1694,0.014685015
306,Washington,7,0.01669007,0.016803778,128601.6755,2120386,21004,40074,93644.57433,0.012153298,4200698,163558.7766,0.021226841
307,Washington,8,0.02494929,0.137182965,192241.2876,1982866,89965,-18033,-82247.96994,-0.010674234,3983765,466730.5451,0.060572813
308,Washington,9,0.017661923,0.272051067,136090.0788,1624470,90522,-11833,-309067.8983,-0.040111178,3260773,581248.056,0.075435024
309,North Dakota,1,0.005312081,0.071383449,4138.610592,45652,4859,3023,1095.605538,0.001406256,88281,7181.615646,0.009217906
310,North Dakota,2,0.003293123,0.033760962,2565.652741,48727,2129,-3147,814.3366184,0.001045235,100601,4316.968863,0.005541012
311,North Dakota,3,0.00440913,0.060811445,3435.126741,74343,3239,1024,-1023.507601,-0.001313715,147662,7893.761084,0.010131975
312,North Dakota,4,0.004881191,0.079519909,3802.906613,68522,4174,5632,-1198.100436,-0.001537812,131412,8803.913662,0.011300194
313,North Dakota,5,0.003639568,0.058398784,2835.565357,73265,2305,3656,-1229.51559,-0.001578135,142874,6900.646305,0.008857271
314,North Dakota,6,0.002835738,0.034725459,2209.306818,87790,745,5720,-640.6116124,-0.000822252,169860,5059.225248,0.006493729
315,North Dakota,7,0.005512338,0.04061938,4294.629178,92145,926,-923,514.264744,0.00066008,185213,8074.993612,0.010364595
316,North Dakota,8,0.008518148,0.111323532,6636.437874,84517,5823,656,-2699.264862,-0.00346462,168378,15972.14061,0.020500916
317,North Dakota,9,0.007213925,0.145129976,5620.32597,74969,14203,-1215,-5436.256144,-0.006977664,151153,16676.90808,0.021405515
318,North Dakota,10,0.008294498,0.154298499,6462.19352,84324,15586,-4505,-7243.987864,-0.009297964,173153,20168.3749,0.02588696
319,Arizona,1,0.01436981,0.147812458,102765.726,864990,228137,-15130,-27326.97476,-0.003821152,1745110,232858.4268,0.032560772
320,Arizona,2,0.008888733,0.058299802,63567.79193,960714,54637,29764,9293.591597,0.00129953,1891664,117841.9923,0.016477936
321,Arizona,3,0.014022134,0.029036729,100279.3196,1627841,23990,54338,54589.93996,0.007633353,3201344,145968.6991,0.020410915
322,Arizona,4,0.011130284,0.033279084,79598.25169,1619582,20305,-86075,22835.54952,0.003193112,3325239,136360.9538,0.019067457
323,Arizona,5,0.008785753,0.032385562,62831.32772,1805840,17879,-86590,1543.918814,0.000215887,3698270,124118.7366,0.017355618
324,Arizona,6,0.007681434,0.032320133,54933.79077,1887813,13421,-72955,-8438.492391,-0.001179961,3848581,118306.0739,0.016542829
325,Arizona,7,0.019055147,0.057698501,136272.9218,2047996,31888,31008,19895.73679,0.002782036,4064984,252650.1069,0.035328258
326,Arizona,8,0.029145694,0.081777176,208435.4909,1794845,82382,11074,62563.7359,0.008748335,3578616,354307.2459,0.049543053
327,Arizona,9,0.024073533,0.08105263,172161.9164,1729714,76920,-3701,31664.07091,0.004427611,3463129,312659.7618,0.043719454
328,Arizona,10,0.02047678,0.081079491,146439.7304,2030094,71675,44584,-14544.41033,-0.002033756,4015604,307423.8711,0.042987315
329,Rhode Island,1,0.00359935,0.050670176,3949.851346,37922,26489,2950,2177.813946,0.00198456,72894,5721.888747,0.005214141
330,Rhode Island,2,0.002356188,0.022843665,2585.631209,38786,9666,-1847,1657.424558,0.001510348,79419,3513.837861,0.003202028
331,Rhode Island,3,0.008207962,0.022147214,9007.244635,67322,10741,1433,7547.98687,0.006878195,133211,10466.5024,0.009537728
332,Rhode Island,4,0.005819131,0.021441549,6385.792445,95459,10338,-2855,4277.78799,0.003898186,193773,8493.7969,0.007740076
333,Rhode Island,5,0.003923746,0.012924488,4305.836886,111246,3557,9136,2986.117431,0.002721136,213356,5625.556341,0.005126357
334,Rhode Island,6,0.001954568,0.004496892,2144.902079,107589,769,4111,1679.572694,0.001530531,211067,2610.231463,0.002378605
335,Rhode Island,7,0.00789576,0.012220755,8664.641678,118000,1721,261,7225.782242,0.006584582,235739,10103.50111,0.009206939
336,Rhode Island,8,0.013541555,0.034422248,14860.21815,121806,8278,-709,10642.97638,0.009698542,244321,19077.45992,0.017384568
337,Rhode Island,9,0.009829893,0.022118288,10787.11849,108375,9392,167,8393.742824,0.007648901,216583,13180.49416,0.012010886
338,Rhode Island,10,0.005792937,0.017260964,6357.04749,117606,6686,-6026,4223.039951,0.003848297,241238,8491.055028,0.007737577
339,West Virginia,1,0.00082,0.080911113,1470.847902,10787,33181,414,631.5569309,0.000352094,21160,2310.138873,0.001287907
340,West Virginia,2,0.000447048,0.04114301,801.8767448,9522,10430,-677,382.2591815,0.00021311,19721,1221.494308,0.000680985
341,West Virginia,3,0.002309179,0.037333559,4142.011305,17226,9690,-488,3480.684634,0.001940488,34940,4803.337975,0.00267787
342,West Virginia,4,0.000751309,0.041719159,1347.63435,19779,10895,251,532.9426201,0.000297117,39307,2162.32608,0.001205501
343,West Virginia,5,0.000649512,0.039715885,1165.039478,26378,7789,-1824,44.97208028,2.51E-05,54580,2285.106877,0.001273951
344,West Virginia,6,0.000531763,0.022741952,953.8325313,41132,2183,-1903,-24.8673854,-1.39E-05,84167,1932.532448,0.00107739
345,West Virginia,7,0.002231899,0.025907747,4003.392562,42855,2919,-1083,2865.057953,0.001597275,86793,5141.72717,0.002866522
346,West Virginia,8,0.002662622,0.083568909,4775.987667,33373,22674,2623,2206.243711,0.001229985,64123,7345.731624,0.004095259
347,West Virginia,9,0.001624106,0.10626013,2913.185781,24591,49303,-222,276.553184,0.000154179,49404,5549.818379,0.003094034
348,West Virginia,10,0.000923196,0.079091082,1655.952252,27944,30428,151,-542.2261787,-0.000302292,55737,3854.130682,0.002148685
349,Alaska,1,0.007379679,0.032643883,5412.189952,63596,7331,2703,3424.405992,0.004669277,124489,7399.973913,0.01009008
350,Alaska,2,0.002947364,0.022318081,2161.570549,58741,3839,-1948,807.1085552,0.001100516,119430,3516.032544,0.004794213
351,Alaska,3,0.00476182,0.021276167,3492.276082,101517,4220,3030,1396.850256,0.001904646,200004,5587.701908,0.007618994
352,Alaska,4,0.008148024,0.025918919,5975.687165,103146,4850,-353,3293.104946,0.004490245,206645,8658.269384,0.011805803
353,Alaska,5,0.011153977,0.012675519,8180.226239,182039,2060,26094,6203.542425,0.008458711,337984,10156.91005,0.013849243
354,Alaska,7,0.015422171,0.035015799,11310.4814,336739,4211,6601,-249.5644811,-0.000340288,666877,22870.52729,0.03118463
355,Alaska,8,0.045819309,0.056618087,33603.46885,285588,13061,-30871,15686.16568,0.021388544,602047,51520.77202,0.070250074
356,Alaska,9,0.047484175,0.082188579,34824.46678,169554,25320,-48194,16928.06801,0.023081914,387302,52720.86554,0.071886436
357,Alaska,10,0.002508214,0.085398951,1839.501328,125906,22184,-21933,-10785.79413,-0.014706745,273745,14464.79679,0.019723172
358,Connecticut,1,0.002378667,0.046349846,8577.340593,74866,64315,2382,5217.718354,0.001446977,147350,11936.96283,0.003310357
359,Connecticut,2,0.001473595,0.053174688,5313.699955,74470,25992,-3552,1164.904479,0.000323051,152492,9462.495432,0.002624138
360,Connecticut,3,0.004333007,0.035781289,15624.58144,123521,27998,-1099,11165.51718,0.00309642,248141,20083.64569,0.005569594
361,Connecticut,4,0.003284244,0.032781845,11842.7999,169110,26765,-161,6293.784129,0.001745392,338381,17391.81566,0.004823096
362,Connecticut,5,0.002167752,0.019338189,7816.792288,193043,8108,8236,4242.95953,0.001176657,377850,11390.62505,0.003158847
363,Connecticut,6,0.001334838,0.005831198,4813.352291,219351,1789,834,3539.136315,0.000981473,437868,6087.568267,0.001688204
364,Connecticut,7,0.005539135,0.018717892,19973.80977,255087,4948,-18326,14856.09464,0.004119891,528500,25091.5249,0.006958379
365,Connecticut,8,0.008973446,0.043440762,32357.74447,249606,18737,8660,21890.86651,0.006070773,490552,42824.62243,0.01187612
366,Connecticut,9,0.006230875,0.0323746,22468.18589,214531,16561,1781,15580.48974,0.00432078,427281,29355.88204,0.00814097
367,Connecticut,10,0.003598911,0.019846015,12977.47143,238861,11517,-8051,8077.252059,0.002239983,485773,17877.6908,0.004957839
368,Ohio,1,0.003244377,0.147842718,38281.86062,309279,195412,26551,-3517.415445,-0.0002981,592007,80081.13669,0.006786854
369,Ohio,2,0.00191771,0.073831166,22627.91702,294134,68343,-14101,-129.4323944,-1.10E-05,602369,45385.26644,0.003846389
370,Ohio,3,0.00435082,0.053666687,51337.28021,463704,48692,-42339,24179.6288,0.002049217,969747,78494.93162,0.006652424
371,Ohio,4,0.003106245,0.037954711,36651.97796,563677,52271,50484,17173.88606,0.001455482,1076870,56130.06987,0.004757008
372,Ohio,5,0.002166047,0.037213153,25558.15954,631428,27915,-509,2041.791413,0.000173041,1263365,49074.52767,0.004159053
373,Ohio,6,0.001591431,0.018689836,18778.00568,740241,8768,-3115,4884.804175,0.000413986,1483597,32671.20718,0.002768876
374,Ohio,7,0.005488045,0.040841561,64755.89835,816277,17374,3388,31556.24277,0.002674383,1629166,97955.55394,0.008301706
375,Ohio,8,0.008268781,0.109526723,97567.0524,755432,90766,46511,19921.25852,0.001688321,1464353,175212.8463,0.014849241
376,Ohio,9,0.005653998,0.153849972,66714.05738,656760,185970,-7427,-35471.09403,-0.003006166,1320947,168899.2088,0.014314162
377,Ohio,10,0.003592297,0.122861938,42387.12567,730261,125121,1529,-47146.2998,-0.003995636,1458993,131920.5512,0.011180231
378,Arkansas,1,0.003180409,0.173203526,9577.877413,63766,65826,3522,-856.5957983,-0.000284439,124010,20012.35062,0.006645257
379,Arkansas,2,0.001775617,0.100708663,5347.31439,53573,25921,-1988,-248.159649,-8.24E-05,109134,10942.78843,0.003633638
380,Arkansas,3,0.003920656,0.051581645,11807.15062,95521,7889,619,6911.949317,0.002295167,190423,16702.35193,0.005546146
381,Arkansas,4,0.002041888,0.046032032,6149.194988,103268,5116,-2043,1301.515701,0.000432178,208579,10996.87428,0.003651598
382,Arkansas,5,0.001966876,0.066320342,5923.294598,137663,5413,-4289,-3491.010601,-0.001159217,279615,15337.5998,0.005092969
383,Arkansas,6,0.001826213,0.115773501,5499.685222,156742,7935,-2421,-12927.17255,-0.004292568,315905,23926.543,0.007944995
384,Arkansas,7,0.005098365,0.198996454,15353.84809,164074,36367,-1952,-17684.73722,-0.005872355,330100,48392.4334,0.016069084
385,Arkansas,8,0.007796599,0.212562123,23479.64628,141853,64455,6716,-5245.361341,-0.001741763,276990,52204.6539,0.017334962
386,Arkansas,9,0.005536323,0.150134128,16672.77089,138843,40296,-2697,-4577.213606,-0.001519899,280383,37922.7554,0.012592546
387,Arkansas,10,0.003586989,0.092525659,10802.30416,162161,16281,397,-4165.016536,-0.001383026,323925,25769.62485,0.008557005
388,New Jersey,1,0.006531632,0.100160965,60672.29115,497704,161786,15901,12414.43783,0.001336467,979507,108930.1445,0.011726797
389,New Jersey,2,0.003606984,0.081677036,33505.253,456312,89010,-9623,-4550.936644,-0.000489928,922247,71561.44264,0.007703896
390,New Jersey,3,0.006288117,0.077596328,58410.28284,703193,116320,-52704,-244.5489506,-2.63E-05,1459090,117065.1146,0.012602561
391,New Jersey,4,0.005857495,0.061572061,54410.23724,865209,82801,55893,4578.98272,0.000492947,1674525,104241.4918,0.011222043
392,New Jersey,5,0.004147157,0.021238269,38522.92067,976946,17520,30942,18431.43358,0.001984223,1922950,58614.40776,0.006310092
393,New Jersey,6,0.002978271,0.051349362,27665.13709,1080709,6905,35712,-25994.79171,-0.002798451,2125706,81325.06588,0.008754992
394,New Jersey,7,0.011014909,0.075756847,102317.4224,1209230,15740,-2255,10539.13922,0.001134583,2420715,194095.7056,0.020895234
395,New Jersey,8,0.017231688,0.125187715,160065.0466,1215140,51685,12850,9553.108753,0.001028433,2417430,310576.9844,0.033434943
396,New Jersey,9,0.011748365,0.130784041,109130.4938,1041126,60321,46201,-20989.81802,-0.002259644,2036051,239250.8056,0.025756374
397,New Jersey,10,0.006816388,0.12623427,63317.38663,1246176,42674,-30584,-97853.48027,-0.010534346,2522936,224488.2535,0.024167122
398,Oregon,1,0.006396307,0.055887312,27102.79076,238805,28507,3504,13952.45041,0.003292803,474106,40253.13111,0.009499811
399,Oregon,2,0.003009101,0.030455689,12750.33028,235958,12224,-7354,5340.09561,0.001260272,479270,20160.56494,0.004757929
400,Oregon,3,0.004462182,0.015029032,18907.40797,413973,9225,2185,12718.63306,0.00300162,825761,25096.18287,0.005922744
401,Oregon,4,0.004642755,0.04033366,19672.53941,465345,19288,-9474,521.3511809,0.00012304,940164,38823.72763,0.009162469
402,Oregon,5,0.004515235,0.037435135,19132.20723,593206,15878,16371,-2461.688586,-0.000580963,1170041,40726.10305,0.009611433
403,Oregon,6,0.00494708,0.023915669,20962.04583,720348,6990,-1831,3690.651878,0.000871,1442527,38233.43978,0.00902316
404,Oregon,7,0.01066739,0.038750776,45200.46078,827304,10919,5754,13364.76048,0.003154107,1648854,77036.16107,0.018180672
405,Oregon,8,0.018254618,0.095838228,77349.49012,781767,56532,-9341,1531.100862,0.000361343,1572875,153167.8794,0.036147894
406,Oregon,9,0.016085628,0.082709232,68158.92341,674535,50967,3675,12672.60829,0.002990758,1345395,123645.2385,0.029180498
407,Oregon,10,0.008964197,0.057715842,37983.59692,702010,33344,-14687,-3381.173585,-0.000797963,1418707,79348.36742,0.018726357
408,New Hampshire,1,0.000978707,0.087323538,1348.197256,14746,20017,-1393,-61.11732575,-4.44E-05,30885,2757.511838,0.002001781
409,New Hampshire,2,0.000754558,0.047732759,1039.425654,17962,9135,-934,137.4674353,9.98E-05,36858,1941.383873,0.001409323
410,New Hampshire,3,0.002918153,0.048822085,4019.840845,25713,8588,581,2792.84421,0.00202743,50845,5246.837479,0.003808876
411,New Hampshire,4,0.001562718,0.052005951,2152.689834,36217,10347,-2563,135.8990543,9.87E-05,74997,4169.480614,0.003026782
412,New Hampshire,5,0.001047067,0.025933663,1442.364487,43722,3563,5480,450.609354,0.000327114,81964,2434.11962,0.001767019
413,New Hampshire,6,0.000570948,0.010801225,786.4972964,52305,737,2700,250.7025197,0.000181994,101910,1322.292073,0.000959901
414,New Hampshire,7,0.002245349,0.017264297,3093.032858,59111,1130,1688,2101.665159,0.001525678,116534,4084.400557,0.00296502
415,New Hampshire,8,0.004112481,0.064523233,5665.062035,60842,7032,-1968,1612.357785,0.001170471,123652,9717.766285,0.007054491
416,New Hampshire,9,0.002886774,0.06850817,3976.615366,50292,12247,591,571.6908157,0.000415012,99993,7381.539915,0.005358537
417,New Hampshire,10,0.002009899,0.065005984,2768.694623,57951,11678,-4049,-1261.676386,-0.000915898,119951,6799.065633,0.004935697
418,Michigan,1,0.006734366,0.065042824,67864.43626,552036,81517,23537,33489.36905,0.003323238,1080535,102239.5035,0.010145494
419,Michigan,2,0.004016973,0.037566118,40480.36663,562077,32840,-31666,18175.74692,0.001803627,1155820,62784.98635,0.006230319
420,Michigan,3,0.006381961,0.088489227,64313.1337,805530,98936,-59997,-12276.68173,-0.001218247,1671057,140902.9491,0.013982169
421,Michigan,4,0.00541796,0.138419615,54598.57988,940202,183018,75279,-65123.72898,-0.006462399,1805125,174320.8887,0.017298319
422,Michigan,5,0.004260116,0.060178958,42930.59993,1136104,51766,35056,-23329.32161,-0.00231503,2237152,109190.5215,0.010835262
423,Michigan,6,0.003254667,0.013831938,32798.35443,1250118,7094,26736,15876.61015,0.001575478,2473500,49720.0987,0.004933856
424,Michigan,7,0.009870794,0.030950007,99471.25635,1384817,10865,2186,56678.81705,0.005624388,2767448,142263.6956,0.0141172
425,Michigan,8,0.015518952,0.076788354,156389.6136,1325820,49237,7201,55135.03048,0.005471194,2644439,257644.1967,0.02556671
426,Michigan,9,0.011604092,0.083891497,116938.2788,1142843,84393,-14309,19863.06572,0.001971064,2299995,214013.4919,0.02123712
427,Michigan,10,0.007599012,0.099335127,76577.75544,1228149,115684,-15170,-46927.49511,-0.004656738,2471468,200083.006,0.019854762
428,Wyoming,1,0.007217763,0.056328406,4163.573618,36364,7503,-4024,1888.581959,0.003273951,76752,6438.565278,0.011161574
429,Wyoming,3,0.00482195,0.042597054,2781.546825,47655,1839,-5312,525.3086841,0.000910649,100622,5037.784965,0.008733252
430,Wyoming,4,0.00293892,0.046026203,1695.319156,29549,1753,-758,300.4030165,0.000520764,59856,3090.235295,0.005357077
431,Wyoming,5,0.003878614,0.065456923,2237.382149,50075,2002,6126,-639.3841742,-0.001108404,94024,5114.148473,0.008865632
432,Wyoming,6,0.005120362,0.065670414,2953.686083,89901,1916,5247,-2605.577147,-0.004516898,174555,8512.949313,0.014757623
433,Wyoming,7,0.010595323,0.083180905,6111.922739,100982,2774,313,-2261.815784,-0.003920971,201651,14485.66126,0.025111617
434,Wyoming,8,0.015100924,0.14441126,8710.983168,89142,10009,-6881,-5155.819224,-0.00893787,185165,22577.78556,0.039139718
435,Wyoming,9,0.011127134,0.157106104,6418.698517,72901,14595,-2357,-5404.792694,-0.009369478,148159,18242.18973,0.031623746
436,Wyoming,10,0.006814397,0.128754942,3930.891761,42983,11757,-6872,-2488.185862,-0.004313394,92838,10349.96938,0.017942189
437,South Dakota,1,0.004228393,0.303139492,3749.17696,37041,9086,917,-7201.434056,-0.008121915,73165,14699.78798,0.016578702
438,South Dakota,2,0.002766215,0.209091834,2452.711424,40454,4112,-1956,-6414.87324,-0.007234817,82864,11320.29609,0.012767246
439,South Dakota,3,0.00500189,0.0170308,4435.010995,59542,5289,-640,3410.063407,0.003845935,119724,5459.958582,0.006157846
440,South Dakota,4,0.003637887,0.112033195,3225.594382,58575,4671,3715,-2920.546697,-0.003293848,113435,9371.735461,0.010569622
441,South Dakota,5,0.003389664,0.056718408,3005.502871,77354,1531,1777,-1281.104286,-0.001444854,152931,7292.110029,0.008224181
442,South Dakota,6,0.003037207,0.024425485,2692.990844,100093,355,5245,376.2824364,0.000424379,194941,5009.699252,0.005650035
443,South Dakota,7,0.006642516,0.041474071,5889.699518,104695,655,-3321,1409.836288,0.00159004,212711,10369.56275,0.011694991
444,South Dakota,8,0.010147143,0.183138929,8997.136615,96147,7034,-174,-8642.988202,-0.009747727,192468,26637.26143,0.030042013
445,South Dakota,9,0.007377227,0.181903709,6541.143543,84354,12181,-842,-8956.324888,-0.010101114,169550,22038.61197,0.024855568
446,South Dakota,10,0.006634898,0.186740744,5882.945166,84471,9008,-3965,-10631.65925,-0.011990589,172907,22397.54959,0.025260385
447,Wisconsin,1,0.002888855,0.087376545,17026.09705,153166,69617,4782,4060.815816,0.000689007,301550,29991.37829,0.005088703
448,Wisconsin,2,0.001623137,0.032764825,9566.309258,147963,24446,-10607,4370.790906,0.000741602,306533,14761.82761,0.002504672
449,Wisconsin,3,0.003652701,0.02764347,21527.99032,253652,18341,-29743,13693.96916,0.002323486,537047,29362.01148,0.004981917
450,Wisconsin,4,0.003175069,0.037572877,18712.96158,291693,23542,35077,9071.160161,0.001539124,548309,28354.763,0.004811015
451,Wisconsin,5,0.002163394,0.029550975,12750.43612,310607,13211,13784,3979.026924,0.00067513,607430,21521.84532,0.003651658
452,Wisconsin,6,0.001588548,0.011524439,9362.451457,359901,3142,10297,5333.461485,0.00090494,709505,13391.44143,0.002272155
453,Wisconsin,7,0.004565078,0.033392058,26905.28336,402986,9458,-1932,13384.23788,0.002270933,807904,40426.32885,0.006859223
454,Wisconsin,8,0.008040097,0.084392101,47386.06717,418229,46742,6829,12667.15668,0.002149264,829629,82104.97767,0.013930931
455,Wisconsin,9,0.005776921,0.090306096,34047.54332,355459,73901,-4402,1549.901439,0.000262975,715320,66545.18521,0.011290867
456,Wisconsin,10,0.004272059,0.089022474,25178.3134,387049,68270,-15425,-10650.91781,-0.001807164,789523,61007.54462,0.010351283
457,Utah,1,0.018740568,0.193373935,61311.94099,497516,70012,-37,-34901.84044,-0.010668074,995069,157525.7224,0.048149209
458,Utah,2,0.00999499,0.100072054,32699.76957,506603,24027,5619,-17434.72844,-0.005329088,1007587,82834.26758,0.025319068
459,Utah,3,0.013007455,0.065288211,42555.39737,696089,14149,-25571,-4560.493196,-0.001393957,1417749,89671.28794,0.027408867
460,Utah,4,0.011203864,0.05697491,36654.74059,723724,11195,-3482,-4777.755565,-0.001460366,1450930,78087.23675,0.023868094
461,Utah,5,0.01010491,0.054378581,33059.3848,972143,8437,8155,-19360.91488,-0.005917845,1936131,85479.68448,0.026127664
462,Utah,6,0.010120566,0.072104269,33110.6056,1100690,8857,15563,-45131.68363,-0.013794921,2185817,111352.8948,0.034036053
463,Utah,7,0.024532753,0.123442084,80261.7479,1195304,16788,-7593,-68226.36478,-0.020854026,2398201,228749.8606,0.069919532
464,Utah,8,0.039611625,0.154024495,129594.026,1100126,31955,1262,-39657.94722,-0.012121822,2198990,298845.9991,0.091345072
465,Utah,9,0.032237781,0.148128086,105469.6409,991437,42387,-4169,-42007.57052,-0.012840006,1987043,252946.8523,0.077315569
466,Utah,10,0.025496848,0.15490791,83415.89657,1050156,39673,-9197,-80686.26217,-0.02466251,2109509,247518.0553,0.075656206
467,Maine,1,0.00208583,0.05438488,2841.64949,24345,14422,-2450,1384.406633,0.001016183,51140,4298.892348,0.003155477
468,Maine,2,0.001501521,0.024011506,2045.611246,28138,5092,-905,1348.24508,0.00098964,57181,2742.977412,0.002013403
469,Maine,3,0.005565341,0.044616975,7581.991769,43250,5741,-807,5616.301709,0.004122483,87307,9547.681828,0.007008198
470,Maine,4,0.003322215,0.037242917,4526.050049,66440,10425,-1563,1993.419984,0.001463212,134443,7058.680113,0.005181219
471,Maine,5,0.00248111,0.035186252,3380.162093,92915,6171,11316,508.9991451,0.000373616,174514,6251.325041,0.004588603
472,Maine,6,0.001856693,0.014555779,2529.482027,142940,1215,15386,672.8341693,0.000493874,270494,4386.129885,0.003219511
473,Maine,7,0.0060268,0.018351494,8210.665262,173579,1408,-6169,4912.020979,0.003605526,353327,11509.30955,0.008448074
474,Maine,8,0.011278045,0.048672846,15364.74553,162673,5393,-13370,6796.231717,0.004988576,338716,23933.25934,0.017567513
475,Maine,9,0.008619342,0.079937679,11742.63807,139766,13699,-2031,407.7149859,0.000299271,281563,23077.56114,0.016939413
476,Maine,10,0.005600805,0.069568257,7630.306481,131637,13532,-15018,-2572.226293,-0.001888068,278292,17832.83925,0.013089677
477,Hawaii,1,0.015199396,0.0246039,22119.23949,212280,4199,-32170,16104.81612,0.011066541,456730,28133.66286,0.01933225
478,Hawaii,2,0.008246428,0.014105221,12000.78739,255813,1688,20007,8674.691664,0.005960877,491619,15326.88312,0.010531979
479,Hawaii,3,0.009864576,0.016472418,14355.63169,476000,2373,58094,7471.709557,0.005134239,893906,21239.55381,0.014594913
480,Hawaii,4,0.010380316,0.018087699,15106.17331,521114,2984,-34932,5048.580816,0.003469169,1077160,25163.7658,0.017291464
481,Hawaii,5,0.010364033,0.014250842,15082.47712,689631,2306,40640,5833.808912,0.004008744,1338622,24331.14533,0.016719323
482,Hawaii,6,0.011319443,0.011249251,16472.85775,878397,1426,26154,6885.76269,0.004731602,1730640,26059.95281,0.017907285
483,Hawaii,7,0.030190331,0.041827203,43935.11383,987673,4603,12790,3158.485008,0.002170376,1962556,84711.74266,0.058210287
484,Hawaii,8,0.042385806,0.080207358,61682.83464,813920,20640,-99254,-11560.4391,-0.007943839,1727094,134926.1084,0.092715452
485,Hawaii,9,0.027480718,0.062156588,39991.89176,578847,15249,-8073,3510.947248,0.002412573,1165767,76472.83628,0.052548863
486,Hawaii,10,0.014852292,0.029017473,21614.10994,641210,4723,2055,3067.44689,0.002107818,1280365,40160.77299,0.027596766
487,Montana,1,0.010001686,0.075161159,10844.07812,96398,12394,-6869,3082.410687,0.002842962,199665,18605.74555,0.01716041
488,Montana,2,0.005999771,0.047630612,6505.101386,107889,5884,122,1372.093242,0.001265506,215656,11638.10953,0.010734035
489,Montana,3,0.008618764,0.038956924,9344.679813,148325,4549,-5334,3358.597849,0.003097695,301984,15330.76178,0.014139834
490,Montana,4,0.006699565,0.040945796,7263.836314,129472,4092,119,1967.374783,0.001814545,258825,12560.29784,0.011584586
491,Montana,5,0.007189822,0.034270841,7795.38459,180649,2844,10983,1980.788104,0.001826916,350315,13609.98108,0.012552728
492,Montana,6,0.00859379,0.030484303,9317.601659,283277,1911,17992,1230.573281,0.00113498,548562,17404.63004,0.0160526
493,Montana,7,0.017703836,0.044230101,19194.9421,342853,2545,-289,4017.736852,0.00370563,685995,34372.14735,0.031702043
494,Montana,8,0.027672714,0.092298933,30003.44803,299515,10861,-22554,276.8230998,0.000255319,621584,59730.07296,0.055090109
495,Montana,9,0.023887031,0.116353398,25898.91607,236540,22935,-5926,-2312.826873,-0.002133161,479006,54110.65901,0.049907223
496,Montana,10,0.013490413,0.119781959,14626.64348,186392,23842,-13538,-9321.363551,-0.008597259,386322,38574.65052,0.035578086
